Code,Country,State,Zip/Post Code,Rate,Zip/Post is Range,Range From,Range To,default
CA-90001-90039-LOS-ANGELES-COUNTY-AHBG,US,CA,90001-90039,9.0,1,90001,90039,
CA-90040-COMMERCE-DAEZ,US,CA,90040,9.5,,,,
CA-90041-90224-LOS-ANGELES-COUNTY-AHBG,US,CA,90041-90224,9.0,1,90041,90224,
CA-90230-90233-CULVER-CITY-AHDH,US,CA,90230-90233,9.5,1,90230,90233,
CA-90239-90278-LOS-ANGELES-COUNTY-AHBG,US,CA,90239-90278,9.0,1,90239,90278,
CA-90280-SOUTH-GATE-AHJD,US,CA,90280,10.0,,,,
CA-90290-90296-LOS-ANGELES-COUNTY-AHBG,US,CA,90290-90296,9.0,1,90290,90296,
CA-90301-90303-INGLEWOOD-AHEP,US,CA,90301-90303,9.5,1,90301,90303,
CA-90304-LOS-ANGELES-COUNTY-AHBG,US,CA,90304,9.0,,,,
CA-90305-90311-INGLEWOOD-AHEP,US,CA,90305-90311,9.5,1,90305,90311,
CA-90401-90409-SANTA-MONICA-AHIV,US,CA,90401-90409,9.5,1,90401,90409,
CA-90501-90609-LOS-ANGELES-COUNTY-AHBG,US,CA,90501-90609,9.0,1,90501,90609,
CA-90620-90630-ORANGE-COUNTY-AHXU,US,CA,90620-90630,8.0,1,90620,90630,
CA-90631-90633-LA-HABRA-AHZF,US,CA,90631-90633,8.5,1,90631,90633,
CA-90637-90639-LA-MIRADA-AHEV,US,CA,90637-90639,10.0,1,90637,90639,
CA-90640-90652-LOS-ANGELES-COUNTY-AHBG,US,CA,90640-90652,9.0,1,90640,90652,
CA-90660-90662-PICO-RIVERA-AHHR,US,CA,90660-90662,10.0,1,90660,90662,
CA-90670-90671-LOS-ANGELES-COUNTY-AHBG,US,CA,90670-90671,9.0,1,90670,90671,
CA-90680-STANTON-AIAT,US,CA,90680,9.0,,,,
CA-90701-90703-LOS-ANGELES-COUNTY-AHBG,US,CA,90701-90703,9.0,1,90701,90703,
CA-90704-AVALON-AHBV,US,CA,90704,9.5,,,,
CA-90706-90717-LOS-ANGELES-COUNTY-AHBG,US,CA,90706-90717,9.0,1,90706,90717,
CA-90720-90721-ORANGE-COUNTY-AHXU,US,CA,90720-90721,8.0,1,90720,90721,
CA-90723-90734-LOS-ANGELES-COUNTY-AHBG,US,CA,90723-90734,9.0,1,90723,90734,
CA-90740-90743-ORANGE-COUNTY-AHXU,US,CA,90740-90743,8.0,1,90740,90743,
CA-90744-91316-LOS-ANGELES-COUNTY-AHBG,US,CA,90744-91316,9.0,1,90744,91316,
CA-91319-91320-VENTURA-COUNTY-AJVL,US,CA,91319-91320,7.5,1,91319,91320,
CA-91321-91337-LOS-ANGELES-COUNTY-AHBG,US,CA,91321-91337,9.0,1,91321,91337,
CA-91340-91341-SAN-FERNANDO-AHIJ,US,CA,91340-91341,9.5,1,91340,91341,
CA-91342-91357-LOS-ANGELES-COUNTY-AHBG,US,CA,91342-91357,9.0,1,91342,91357,
CA-91358-91362-VENTURA-COUNTY-AJVL,US,CA,91358-91362,7.5,1,91358,91362,
CA-91364-91376-LOS-ANGELES-COUNTY-AHBG,US,CA,91364-91376,9.0,1,91364,91376,
CA-91377-VENTURA-COUNTY-AJVL,US,CA,91377,7.5,,,,
CA-91380-91618-LOS-ANGELES-COUNTY-AHBG,US,CA,91380-91618,9.0,1,91380,91618,
CA-91701-SAN-BERNARDINO-COUNTY-AIKO,US,CA,91701,8.0,,,,
CA-91702-91706-LOS-ANGELES-COUNTY-AHBG,US,CA,91702-91706,9.0,1,91702,91706,
CA-91708-91710-SAN-BERNARDINO-COUNTY-AIKO,US,CA,91708-91710,8.0,1,91708,91710,
CA-91711-91724-LOS-ANGELES-COUNTY-AHBG,US,CA,91711-91724,9.0,1,91711,91724,
CA-91729-91730-SAN-BERNARDINO-COUNTY-AIKO,US,CA,91729-91730,8.0,1,91729,91730,
CA-91731-91732-EL-MONTE-AHDP,US,CA,91731-91732,9.5,1,91731,91732,
CA-91733-SOUTH-EL-MONTE-AHJB,US,CA,91733,9.5,,,,
CA-91734-EL-MONTE-AHDP,US,CA,91734,9.5,,,,
CA-91737-91739-SAN-BERNARDINO-COUNTY-AIKO,US,CA,91737-91739,8.0,1,91737,91739,
CA-91740-91741-LOS-ANGELES-COUNTY-AHBG,US,CA,91740-91741,9.0,1,91740,91741,
CA-91743-SAN-BERNARDINO-COUNTY-AIKO,US,CA,91743,8.0,,,,
CA-91744-91750-LOS-ANGELES-COUNTY-AHBG,US,CA,91744-91750,9.0,1,91744,91750,
CA-91752-RIVERSIDE-COUNTY-AIER,US,CA,91752,8.0,,,,
CA-91754-91756-LOS-ANGELES-COUNTY-AHBG,US,CA,91754-91756,9.0,1,91754,91756,
CA-91759-91762-SAN-BERNARDINO-COUNTY-AIKO,US,CA,91759-91762,8.0,1,91759,91762,
CA-91763-MONTCLAIR-AINZ,US,CA,91763,8.25,,,,
CA-91764-SAN-BERNARDINO-COUNTY-AIKO,US,CA,91764,8.0,,,,
CA-91765-91780-LOS-ANGELES-COUNTY-AHBG,US,CA,91765-91780,9.0,1,91765,91780,
CA-91784-91786-SAN-BERNARDINO-COUNTY-AIKO,US,CA,91784-91786,8.0,1,91784,91786,
CA-91788-91899-LOS-ANGELES-COUNTY-AHBG,US,CA,91788-91899,9.0,1,91788,91899,
CA-91901-91935-SAN-DIEGO-COUNTY-AIQN,US,CA,91901-91935,8.0,1,91901,91935,
CA-91941-91944-LA-MESA-AISM,US,CA,91941-91944,8.75,1,91941,91944,
CA-91945-91948-SAN-DIEGO-COUNTY-AIQN,US,CA,91945-91948,8.0,1,91945,91948,
CA-91950-91951-NATIONAL-CITY-AISW,US,CA,91950-91951,9.0,1,91950,91951,
CA-91962-92019-SAN-DIEGO-COUNTY-AIQN,US,CA,91962-92019,8.0,1,91962,92019,
CA-92020-EL-CAJON-AIRS,US,CA,92020,8.5,,,,
CA-92021-SAN-DIEGO-COUNTY-AIQN,US,CA,92021,8.0,,,,
CA-92022-EL-CAJON-AIRS,US,CA,92022,8.5,,,,
CA-92023-92079-SAN-DIEGO-COUNTY-AIQN,US,CA,92023-92079,8.0,1,92023,92079,
CA-92081-VISTA-AIUM,US,CA,92081,8.5,,,,
CA-92082-SAN-DIEGO-COUNTY-AIQN,US,CA,92082,8.0,,,,
CA-92083-92085-VISTA-AIUM,US,CA,92083-92085,8.5,1,92083,92085,
CA-92086-92199-SAN-DIEGO-COUNTY-AIQN,US,CA,92086-92199,8.0,1,92086,92199,
CA-92201-92220-RIVERSIDE-COUNTY-AIER,US,CA,92201-92220,8.0,1,92201,92220,
CA-92222-IMPERIAL-COUNTY-AGSS,US,CA,92222,8.0,,,,
CA-92223-92226-RIVERSIDE-COUNTY-AIER,US,CA,92223-92226,8.0,1,92223,92226,
CA-92227-IMPERIAL-COUNTY-AGSS,US,CA,92227,8.0,,,,
CA-92230-RIVERSIDE-COUNTY-AIER,US,CA,92230,8.0,,,,
CA-92231-92232-CALEXICO-AGSZ,US,CA,92231-92232,8.5,1,92231,92232,
CA-92233-IMPERIAL-COUNTY-AGSS,US,CA,92233,8.0,,,,
CA-92234-92235-CATHEDRAL-CITY-AIFI,US,CA,92234-92235,9.0,1,92234,92235,
CA-92236-COACHELLA-AIFK,US,CA,92236,9.0,,,,
CA-92239-92241-RIVERSIDE-COUNTY-AIER,US,CA,92239-92241,8.0,1,92239,92241,
CA-92242-SAN-BERNARDINO-COUNTY-AIKO,US,CA,92242,8.0,,,,
CA-92243-92244-IMPERIAL-COUNTY-AGSS,US,CA,92243-92244,8.0,1,92243,92244,
CA-92247-92248-RIVERSIDE-COUNTY-AIER,US,CA,92247-92248,8.0,1,92247,92248,
CA-92249-92251-IMPERIAL-COUNTY-AGSS,US,CA,92249-92251,8.0,1,92249,92251,
CA-92252-SAN-BERNARDINO-COUNTY-AIKO,US,CA,92252,8.0,,,,
CA-92253-92255-RIVERSIDE-COUNTY-AIER,US,CA,92253-92255,8.0,1,92253,92255,
CA-92256-SAN-BERNARDINO-COUNTY-AIKO,US,CA,92256,8.0,,,,
CA-92257-IMPERIAL-COUNTY-AGSS,US,CA,92257,8.0,,,,
CA-92258-RIVERSIDE-COUNTY-AIER,US,CA,92258,8.0,,,,
CA-92259-IMPERIAL-COUNTY-AGSS,US,CA,92259,8.0,,,,
CA-92260-92261-RIVERSIDE-COUNTY-AIER,US,CA,92260-92261,8.0,1,92260,92261,
CA-92262-92264-PALM-SPRINGS-AIHC,US,CA,92262-92264,9.0,1,92262,92264,
CA-92266-IMPERIAL-COUNTY-AGSS,US,CA,92266,8.0,,,,
CA-92267-92268-SAN-BERNARDINO-COUNTY-AIKO,US,CA,92267-92268,8.0,1,92267,92268,
CA-92270-RIVERSIDE-COUNTY-AIER,US,CA,92270,8.0,,,,
CA-92273-IMPERIAL-COUNTY-AGSS,US,CA,92273,8.0,,,,
CA-92274-RIVERSIDE-COUNTY-AIER,US,CA,92274,8.0,,,,
CA-92275-IMPERIAL-COUNTY-AGSS,US,CA,92275,8.0,,,,
CA-92276-RIVERSIDE-COUNTY-AIER,US,CA,92276,8.0,,,,
CA-92277-92280-SAN-BERNARDINO-COUNTY-AIKO,US,CA,92277-92280,8.0,1,92277,92280,
CA-92281-IMPERIAL-COUNTY-AGSS,US,CA,92281,8.0,,,,
CA-92282-RIVERSIDE-COUNTY-AIER,US,CA,92282,8.0,,,,
CA-92283-IMPERIAL-COUNTY-AGSS,US,CA,92283,8.0,,,,
CA-92284-92318-SAN-BERNARDINO-COUNTY-AIKO,US,CA,92284-92318,8.0,1,92284,92318,
CA-92320-RIVERSIDE-COUNTY-AIER,US,CA,92320,8.0,,,,
CA-92321-92327-SAN-BERNARDINO-COUNTY-AIKO,US,CA,92321-92327,8.0,1,92321,92327,
CA-92328-INYO-COUNTY-AGUB,US,CA,92328,8.0,,,,
CA-92329-92368-SAN-BERNARDINO-COUNTY-AIKO,US,CA,92329-92368,8.0,1,92329,92368,
CA-92369-SAN-BERNARDINO-AIPN,US,CA,92369,8.25,,,,
CA-92371-92382-SAN-BERNARDINO-COUNTY-AIKO,US,CA,92371-92382,8.0,1,92371,92382,
CA-92384-INYO-COUNTY-AGUB,US,CA,92384,8.0,,,,
CA-92385-92386-SAN-BERNARDINO-COUNTY-AIKO,US,CA,92385-92386,8.0,1,92385,92386,
CA-92389-INYO-COUNTY-AGUB,US,CA,92389,8.0,,,,
CA-92391-92399-SAN-BERNARDINO-COUNTY-AIKO,US,CA,92391-92399,8.0,1,92391,92399,
CA-92401-92418-SAN-BERNARDINO-AIPN,US,CA,92401-92418,8.25,1,92401,92418,
CA-92423-SAN-BERNARDINO-COUNTY-AIKO,US,CA,92423,8.0,,,,
CA-92427-SAN-BERNARDINO-AIPN,US,CA,92427,8.25,,,,
CA-92501-92599-RIVERSIDE-COUNTY-AIER,US,CA,92501-92599,8.0,1,92501,92599,
CA-92602-92859-ORANGE-COUNTY-AHXU,US,CA,92602-92859,8.0,1,92602,92859,
CA-92860-RIVERSIDE-COUNTY-AIER,US,CA,92860,8.0,,,,
CA-92861-92871-ORANGE-COUNTY-AHXU,US,CA,92861-92871,8.0,1,92861,92871,
CA-92877-92883-RIVERSIDE-COUNTY-AIER,US,CA,92877-92883,8.0,1,92877,92883,
CA-92885-92899-ORANGE-COUNTY-AHXU,US,CA,92885-92899,8.0,1,92885,92899,
CA-93001-93012-VENTURA-COUNTY-AJVL,US,CA,93001-93012,7.5,1,93001,93012,
CA-93013-93014-SANTA-BARBARA-COUNTY-AIZZ,US,CA,93013-93014,8.0,1,93013,93014,
CA-93015-93024-VENTURA-COUNTY-AJVL,US,CA,93015-93024,7.5,1,93015,93024,
CA-93030-93036-OXNARD-AJWD,US,CA,93030-93036,8.0,1,93030,93036,
CA-93040-VENTURA-COUNTY-AJVL,US,CA,93040,7.5,,,,
CA-93041-PORT-HUENEME-AJWJ,US,CA,93041,8.0,,,,
CA-93042-VENTURA-COUNTY-AJVL,US,CA,93042,7.5,,,,
CA-93043-93044-PORT-HUENEME-AJWJ,US,CA,93043-93044,8.0,1,93043,93044,
CA-93060-93066-VENTURA-COUNTY-AJVL,US,CA,93060-93066,7.5,1,93060,93066,
CA-93067-SANTA-BARBARA-COUNTY-AIZZ,US,CA,93067,8.0,,,,
CA-93094-93099-VENTURA-COUNTY-AJVL,US,CA,93094-93099,7.5,1,93094,93099,
CA-93101-93199-SANTA-BARBARA-COUNTY-AIZZ,US,CA,93101-93199,8.0,1,93101,93199,
CA-93201-TULARE-COUNTY-AJRF,US,CA,93201,8.0,,,,
CA-93202-KINGS-COUNTY-AGYG,US,CA,93202,7.5,,,,
CA-93203-ARVIN-AGVC,US,CA,93203,8.5,,,,
CA-93204-KINGS-COUNTY-AGYG,US,CA,93204,7.5,,,,
CA-93205-93206-KERN-COUNTY-AGVA,US,CA,93205-93206,7.5,1,93205,93206,
CA-93207-93208-TULARE-COUNTY-AJRF,US,CA,93207-93208,8.0,1,93207,93208,
CA-93210-FRESNO-COUNTY-AGLZ,US,CA,93210,8.225,,,,
CA-93212-KINGS-COUNTY-AGYG,US,CA,93212,7.5,,,,
CA-93215-DELANO-AGVU,US,CA,93215,8.5,,,,
CA-93218-93219-TULARE-COUNTY-AJRF,US,CA,93218-93219,8.0,1,93218,93219,
CA-93220-KERN-COUNTY-AGVA,US,CA,93220,7.5,,,,
CA-93221-TULARE-COUNTY-AJRF,US,CA,93221,8.0,,,,
CA-93222-KERN-COUNTY-AGVA,US,CA,93222,7.5,,,,
CA-93223-FARMERSVILLE-AJRZ,US,CA,93223,8.5,,,,
CA-93224-93226-KERN-COUNTY-AGVA,US,CA,93224-93226,7.5,1,93224,93226,
CA-93227-TULARE-COUNTY-AJRF,US,CA,93227,8.0,,,,
CA-93230-93232-KINGS-COUNTY-AGYG,US,CA,93230-93232,7.5,1,93230,93232,
CA-93234-FRESNO-COUNTY-AGLZ,US,CA,93234,8.225,,,,
CA-93235-93237-TULARE-COUNTY-AJRF,US,CA,93235-93237,8.0,1,93235,93237,
CA-93238-KERN-COUNTY-AGVA,US,CA,93238,7.5,,,,
CA-93239-KINGS-COUNTY-AGYG,US,CA,93239,7.5,,,,
CA-93240-93241-KERN-COUNTY-AGVA,US,CA,93240-93241,7.5,1,93240,93241,
CA-93242-FRESNO-COUNTY-AGLZ,US,CA,93242,8.225,,,,
CA-93243-KERN-COUNTY-AGVA,US,CA,93243,7.5,,,,
CA-93244-TULARE-COUNTY-AJRF,US,CA,93244,8.0,,,,
CA-93245-93246-KINGS-COUNTY-AGYG,US,CA,93245-93246,7.5,1,93245,93246,
CA-93247-TULARE-COUNTY-AJRF,US,CA,93247,8.0,,,,
CA-93249-93252-KERN-COUNTY-AGVA,US,CA,93249-93252,7.5,1,93249,93252,
CA-93254-SANTA-BARBARA-COUNTY-AIZZ,US,CA,93254,8.0,,,,
CA-93255-KERN-COUNTY-AGVA,US,CA,93255,7.5,,,,
CA-93256-TULARE-COUNTY-AJRF,US,CA,93256,8.0,,,,
CA-93257-93258-PORTERVILLE-AJSV,US,CA,93257-93258,8.5,1,93257,93258,
CA-93260-93262-TULARE-COUNTY-AJRF,US,CA,93260-93262,8.0,1,93260,93262,
CA-93263-KERN-COUNTY-AGVA,US,CA,93263,7.5,,,,
CA-93265-TULARE-COUNTY-AJRF,US,CA,93265,8.0,,,,
CA-93266-KINGS-COUNTY-AGYG,US,CA,93266,7.5,,,,
CA-93267-TULARE-COUNTY-AJRF,US,CA,93267,8.0,,,,
CA-93268-KERN-COUNTY-AGVA,US,CA,93268,7.5,,,,
CA-93270-93272-TULARE-COUNTY-AJRF,US,CA,93270-93272,8.0,1,93270,93272,
CA-93274-93275-TULARE-AJTR,US,CA,93274-93275,8.5,1,93274,93275,
CA-93276-KERN-COUNTY-AGVA,US,CA,93276,7.5,,,,
CA-93277-93279-VISALIA-AJTT,US,CA,93277-93279,8.25,1,93277,93279,
CA-93280-KERN-COUNTY-AGVA,US,CA,93280,7.5,,,,
CA-93282-TULARE-COUNTY-AJRF,US,CA,93282,8.0,,,,
CA-93283-93285-KERN-COUNTY-AGVA,US,CA,93283-93285,7.5,1,93283,93285,
CA-93286-TULARE-COUNTY-AJRF,US,CA,93286,8.0,,,,
CA-93287-KERN-COUNTY-AGVA,US,CA,93287,7.5,,,,
CA-93290-93292-VISALIA-AJTT,US,CA,93290-93292,8.25,1,93290,93292,
CA-93301-93390-KERN-COUNTY-AGVA,US,CA,93301-93390,7.5,1,93301,93390,
CA-93401-SAN-LUIS-OBISPO-AIXO,US,CA,93401,8.0,,,,
CA-93402-SAN-LUIS-OBISPO-COUNTY-AIWK,US,CA,93402,7.5,,,,
CA-93403-93406-SAN-LUIS-OBISPO-AIXO,US,CA,93403-93406,8.0,1,93403,93406,
CA-93407-SAN-LUIS-OBISPO-COUNTY-AIWK,US,CA,93407,7.5,,,,
CA-93408-93410-SAN-LUIS-OBISPO-AIXO,US,CA,93408-93410,8.0,1,93408,93410,
CA-93412-SAN-LUIS-OBISPO-COUNTY-AIWK,US,CA,93412,7.5,,,,
CA-93420-ARROYO-GRANDE-AIWM,US,CA,93420,8.0,,,,
CA-93421-SAN-LUIS-OBISPO-COUNTY-AIWK,US,CA,93421,7.5,,,,
CA-93422-93423-ATASCADERO-AIWO,US,CA,93422-93423,8.0,1,93422,93423,
CA-93424-SAN-LUIS-OBISPO-COUNTY-AIWK,US,CA,93424,7.5,,,,
CA-93426-MONTEREY-COUNTY-AHUE,US,CA,93426,7.625,,,,
CA-93427-SANTA-BARBARA-COUNTY-AIZZ,US,CA,93427,8.0,,,,
CA-93428-SAN-LUIS-OBISPO-COUNTY-AIWK,US,CA,93428,7.5,,,,
CA-93429-SANTA-BARBARA-COUNTY-AIZZ,US,CA,93429,8.0,,,,
CA-93430-93432-SAN-LUIS-OBISPO-COUNTY-AIWK,US,CA,93430-93432,7.5,1,93430,93432,
CA-93433-GROVER-BEACH-AIWY,US,CA,93433,8.0,,,,
CA-93434-GUADALUPE-AJAM,US,CA,93434,8.25,,,,
CA-93435-SAN-LUIS-OBISPO-COUNTY-AIWK,US,CA,93435,7.5,,,,
CA-93436-93441-SANTA-BARBARA-COUNTY-AIZZ,US,CA,93436-93441,8.0,1,93436,93441,
CA-93442-93443-MORRO-BAY-AIXE,US,CA,93442-93443,8.0,1,93442,93443,
CA-93444-93445-SAN-LUIS-OBISPO-COUNTY-AIWK,US,CA,93444-93445,7.5,1,93444,93445,
CA-93446-93447-PASO-ROBLES-AIXK,US,CA,93446-93447,8.0,1,93446,93447,
CA-93448-93449-PISMO-BEACH-AIXM,US,CA,93448-93449,8.0,1,93448,93449,
CA-93450-MONTEREY-COUNTY-AHUE,US,CA,93450,7.625,,,,
CA-93451-93453-SAN-LUIS-OBISPO-COUNTY-AIWK,US,CA,93451-93453,7.5,1,93451,93453,
CA-93454-SANTA-MARIA-AJBA,US,CA,93454,8.25,,,,
CA-93455-SANTA-BARBARA-COUNTY-AIZZ,US,CA,93455,8.0,,,,
CA-93456-SANTA-MARIA-AJBA,US,CA,93456,8.25,,,,
CA-93457-SANTA-BARBARA-COUNTY-AIZZ,US,CA,93457,8.0,,,,
CA-93458-SANTA-MARIA-AJBA,US,CA,93458,8.25,,,,
CA-93460-SANTA-BARBARA-COUNTY-AIZZ,US,CA,93460,8.0,,,,
CA-93461-SAN-LUIS-OBISPO-COUNTY-AIWK,US,CA,93461,7.5,,,,
CA-93463-93464-SANTA-BARBARA-COUNTY-AIZZ,US,CA,93463-93464,8.0,1,93463,93464,
CA-93465-93475-SAN-LUIS-OBISPO-COUNTY-AIWK,US,CA,93465-93475,7.5,1,93465,93475,
CA-93483-GROVER-BEACH-AIWY,US,CA,93483,8.0,,,,
CA-93501-93505-KERN-COUNTY-AGVA,US,CA,93501-93505,7.5,1,93501,93505,
CA-93510-LOS-ANGELES-COUNTY-AHBG,US,CA,93510,9.0,,,,
CA-93512-MONO-COUNTY-AHTO,US,CA,93512,7.5,,,,
CA-93513-93515-INYO-COUNTY-AGUB,US,CA,93513-93515,8.0,1,93513,93515,
CA-93516-KERN-COUNTY-AGVA,US,CA,93516,7.5,,,,
CA-93517-MONO-COUNTY-AHTO,US,CA,93517,7.5,,,,
CA-93518-KERN-COUNTY-AGVA,US,CA,93518,7.5,,,,
CA-93522-INYO-COUNTY-AGUB,US,CA,93522,8.0,,,,
CA-93523-93524-KERN-COUNTY-AGVA,US,CA,93523-93524,7.5,1,93523,93524,
CA-93526-INYO-COUNTY-AGUB,US,CA,93526,8.0,,,,
CA-93527-93528-KERN-COUNTY-AGVA,US,CA,93527-93528,7.5,1,93527,93528,
CA-93529-MONO-COUNTY-AHTO,US,CA,93529,7.5,,,,
CA-93530-INYO-COUNTY-AGUB,US,CA,93530,8.0,,,,
CA-93531-KERN-COUNTY-AGVA,US,CA,93531,7.5,,,,
CA-93532-93539-LOS-ANGELES-COUNTY-AHBG,US,CA,93532-93539,9.0,1,93532,93539,
CA-93541-MONO-COUNTY-AHTO,US,CA,93541,7.5,,,,
CA-93543-93544-LOS-ANGELES-COUNTY-AHBG,US,CA,93543-93544,9.0,1,93543,93544,
CA-93545-INYO-COUNTY-AGUB,US,CA,93545,8.0,,,,
CA-93546-MONO-COUNTY-AHTO,US,CA,93546,7.5,,,,
CA-93549-INYO-COUNTY-AGUB,US,CA,93549,8.0,,,,
CA-93550-93553-LOS-ANGELES-COUNTY-AHBG,US,CA,93550-93553,9.0,1,93550,93553,
CA-93554-KERN-COUNTY-AGVA,US,CA,93554,7.5,,,,
CA-93555-93556-RIDGECREST-AGXM,US,CA,93555-93556,8.25,1,93555,93556,
CA-93560-93561-KERN-COUNTY-AGVA,US,CA,93560-93561,7.5,1,93560,93561,
CA-93562-SAN-BERNARDINO-COUNTY-AIKO,US,CA,93562,8.0,,,,
CA-93563-LOS-ANGELES-COUNTY-AHBG,US,CA,93563,9.0,,,,
CA-93581-KERN-COUNTY-AGVA,US,CA,93581,7.5,,,,
CA-93584-93599-LOS-ANGELES-COUNTY-AHBG,US,CA,93584-93599,9.0,1,93584,93599,
CA-93601-MADERA-COUNTY-AHLH,US,CA,93601,8.0,,,,
CA-93602-FRESNO-COUNTY-AGLZ,US,CA,93602,8.225,,,,
CA-93603-TULARE-COUNTY-AJRF,US,CA,93603,8.0,,,,
CA-93604-MADERA-COUNTY-AHLH,US,CA,93604,8.0,,,,
CA-93605-93609-FRESNO-COUNTY-AGLZ,US,CA,93605-93609,8.225,1,93605,93609,
CA-93610-MADERA-COUNTY-AHLH,US,CA,93610,8.0,,,,
CA-93611-93613-FRESNO-COUNTY-AGLZ,US,CA,93611-93613,8.225,1,93611,93613,
CA-93614-MADERA-COUNTY-AHLH,US,CA,93614,8.0,,,,
CA-93615-TULARE-COUNTY-AJRF,US,CA,93615,8.0,,,,
CA-93616-FRESNO-COUNTY-AGLZ,US,CA,93616,8.225,,,,
CA-93618-DINUBA-AJRR,US,CA,93618,8.75,,,,
CA-93619-FRESNO-COUNTY-AGLZ,US,CA,93619,8.225,,,,
CA-93620-MERCED-COUNTY-AHRE,US,CA,93620,7.5,,,,
CA-93621-93622-FRESNO-COUNTY-AGLZ,US,CA,93621-93622,8.225,1,93621,93622,
CA-93623-MARIPOSA-COUNTY-AHOG,US,CA,93623,8.0,,,,
CA-93624-93631-FRESNO-COUNTY-AGLZ,US,CA,93624-93631,8.225,1,93624,93631,
CA-93633-TULARE-COUNTY-AJRF,US,CA,93633,8.0,,,,
CA-93634-FRESNO-COUNTY-AGLZ,US,CA,93634,8.225,,,,
CA-93635-LOS-BANOS-AHSC,US,CA,93635,8.0,,,,
CA-93636-93639-MADERA-COUNTY-AHLH,US,CA,93636-93639,8.0,1,93636,93639,
CA-93640-93641-FRESNO-COUNTY-AGLZ,US,CA,93640-93641,8.225,1,93640,93641,
CA-93643-93645-MADERA-COUNTY-AHLH,US,CA,93643-93645,8.0,1,93643,93645,
CA-93646-FRESNO-COUNTY-AGLZ,US,CA,93646,8.225,,,,
CA-93647-TULARE-COUNTY-AJRF,US,CA,93647,8.0,,,,
CA-93648-93652-FRESNO-COUNTY-AGLZ,US,CA,93648-93652,8.225,1,93648,93652,
CA-93653-MADERA-COUNTY-AHLH,US,CA,93653,8.0,,,,
CA-93654-REEDLEY-AGOO,US,CA,93654,8.725,,,,
CA-93656-FRESNO-COUNTY-AGLZ,US,CA,93656,8.225,,,,
CA-93657-SANGER-AGOU,US,CA,93657,8.975,,,,
CA-93660-FRESNO-COUNTY-AGLZ,US,CA,93660,8.225,,,,
CA-93661-MERCED-COUNTY-AHRE,US,CA,93661,7.5,,,,
CA-93662-SELMA-AGOW,US,CA,93662,8.725,,,,
CA-93664-FRESNO-COUNTY-AGLZ,US,CA,93664,8.225,,,,
CA-93665-MERCED-COUNTY-AHRE,US,CA,93665,7.5,,,,
CA-93666-TULARE-COUNTY-AJRF,US,CA,93666,8.0,,,,
CA-93667-93668-FRESNO-COUNTY-AGLZ,US,CA,93667-93668,8.225,1,93667,93668,
CA-93669-MADERA-COUNTY-AHLH,US,CA,93669,8.0,,,,
CA-93670-93673-TULARE-COUNTY-AJRF,US,CA,93670-93673,8.0,1,93670,93673,
CA-93675-93888-FRESNO-COUNTY-AGLZ,US,CA,93675-93888,8.225,1,93675,93888,
CA-93901-93906-SALINAS-AHVO,US,CA,93901-93906,9.125,1,93901,93906,
CA-93907-93908-MONTEREY-COUNTY-AHUE,US,CA,93907-93908,7.625,1,93907,93908,
CA-93912-93915-SALINAS-AHVO,US,CA,93912-93915,9.125,1,93912,93915,
CA-93920-MONTEREY-COUNTY-AHUE,US,CA,93920,7.625,,,,
CA-93921-CARMEL-BY-THE-SEA-EIOJ,US,CA,93921,8.625,,,,
CA-93922-93925-MONTEREY-COUNTY-AHUE,US,CA,93922-93925,7.625,1,93922,93925,
CA-93926-GONZALES-AHUU,US,CA,93926,8.125,,,,
CA-93927-GREENFIELD-AHUW,US,CA,93927,9.375,,,,
CA-93928-MONTEREY-COUNTY-AHUE,US,CA,93928,7.625,,,,
CA-93930-KING-CITY-AHVA,US,CA,93930,8.125,,,,
CA-93932-MONTEREY-COUNTY-AHUE,US,CA,93932,7.625,,,,
CA-93933-MARINA-AHVE,US,CA,93933,8.625,,,,
CA-93940-93944-MONTEREY-AHVG,US,CA,93940-93944,8.625,1,93940,93944,
CA-93950-PACIFIC-GROVE-AHVK,US,CA,93950,8.625,,,,
CA-93953-93954-MONTEREY-COUNTY-AHUE,US,CA,93953-93954,7.625,1,93953,93954,
CA-93955-SEASIDE-AHVU,US,CA,93955,8.625,,,,
CA-93960-SOLEDAD-AHVW,US,CA,93960,8.625,,,,
CA-93962-MONTEREY-COUNTY-AHUE,US,CA,93962,7.625,,,,
CA-94002-94021-SAN-MATEO-COUNTY-AIYA,US,CA,94002-94021,9.0,1,94002,94021,
CA-94022-94024-SANTA-CLARA-COUNTY-AJBI,US,CA,94022-94024,8.75,1,94022,94024,
CA-94025-94030-SAN-MATEO-COUNTY-AIYA,US,CA,94025-94030,9.0,1,94025,94030,
CA-94035-SANTA-CLARA-COUNTY-AJBI,US,CA,94035,8.75,,,,
CA-94037-94038-SAN-MATEO-COUNTY-AIYA,US,CA,94037-94038,9.0,1,94037,94038,
CA-94039-94043-SANTA-CLARA-COUNTY-AJBI,US,CA,94039-94043,8.75,1,94039,94043,
CA-94044-94074-SAN-MATEO-COUNTY-AIYA,US,CA,94044-94074,9.0,1,94044,94074,
CA-94080-94083-SOUTH-SAN-FRANCISCO-AIZX,US,CA,94080-94083,9.5,1,94080,94083,
CA-94085-94089-SANTA-CLARA-COUNTY-AJBI,US,CA,94085-94089,8.75,1,94085,94089,
CA-94102-94127-SAN-FRANCISCO-COUNTY-AIUQ,US,CA,94102-94127,8.75,1,94102,94127,
CA-94128-SAN-MATEO-COUNTY-AIYA,US,CA,94128,9.0,,,,
CA-94129-94188-SAN-FRANCISCO-COUNTY-AIUQ,US,CA,94129-94188,8.75,1,94129,94188,
CA-94207-94245-SACRAMENTO-AIJT,US,CA,94207-94245,8.5,1,94207,94245,
CA-94282-SACRAMENTO-COUNTY-AIIA,US,CA,94282,8.0,,,,
CA-94291-94299-SACRAMENTO-AIJT,US,CA,94291-94299,8.5,1,94291,94299,
CA-94301-94306-SANTA-CLARA-COUNTY-AJBI,US,CA,94301-94306,8.75,1,94301,94306,
CA-94401-94403-SAN-MATEO-AIZV,US,CA,94401-94403,9.25,1,94401,94403,
CA-94404-SAN-MATEO-COUNTY-AIYA,US,CA,94404,9.0,,,,
CA-94497-SAN-MATEO-AIZV,US,CA,94497,9.25,,,,
CA-94501-94502-ALAMEDA-COUNTY-AGAO,US,CA,94501-94502,9.5,1,94501,94502,
CA-94503-NAPA-COUNTY-AHWA,US,CA,94503,8.0,,,,
CA-94505-94507-CONTRA-COSTA-COUNTY-AGHD,US,CA,94505-94507,8.5,1,94505,94507,
CA-94508-NAPA-COUNTY-AHWA,US,CA,94508,8.0,,,,
CA-94509-ANTIOCH-AGHI,US,CA,94509,9.0,,,,
CA-94510-BENICIA-AJJE,US,CA,94510,8.625,,,,
CA-94511-CONTRA-COSTA-COUNTY-AGHD,US,CA,94511,8.5,,,,
CA-94512-SOLANO-COUNTY-AJJC,US,CA,94512,7.625,,,,
CA-94513-94514-CONTRA-COSTA-COUNTY-AGHD,US,CA,94513-94514,8.5,1,94513,94514,
CA-94515-NAPA-COUNTY-AHWA,US,CA,94515,8.0,,,,
CA-94516-94517-CONTRA-COSTA-COUNTY-AGHD,US,CA,94516-94517,8.5,1,94516,94517,
CA-94518-94522-CONCORD-AGHU,US,CA,94518-94522,9.0,1,94518,94522,
CA-94523-CONTRA-COSTA-COUNTY-AGHD,US,CA,94523,8.5,,,,
CA-94524-CONCORD-AGHU,US,CA,94524,9.0,,,,
CA-94525-94528-CONTRA-COSTA-COUNTY-AGHD,US,CA,94525-94528,8.5,1,94525,94528,
CA-94530-EL-CERRITO-AGIE,US,CA,94530,10.0,,,,
CA-94531-ANTIOCH-AGHI,US,CA,94531,9.0,,,,
CA-94533-94535-FAIRFIELD-AJJM,US,CA,94533-94535,8.625,1,94533,94535,
CA-94536-94539-ALAMEDA-COUNTY-AGAO,US,CA,94536-94539,9.5,1,94536,94539,
CA-94540-94545-HAYWARD-AGBF,US,CA,94540-94545,10.0,1,94540,94545,
CA-94546-ALAMEDA-COUNTY-AGAO,US,CA,94546,9.5,,,,
CA-94547-HERCULES-AGII,US,CA,94547,9.0,,,,
CA-94548-94549-CONTRA-COSTA-COUNTY-AGHD,US,CA,94548-94549,8.5,1,94548,94549,
CA-94550-94552-ALAMEDA-COUNTY-AGAO,US,CA,94550-94552,9.5,1,94550,94552,
CA-94553-CONTRA-COSTA-COUNTY-AGHD,US,CA,94553,8.5,,,,
CA-94555-ALAMEDA-COUNTY-AGAO,US,CA,94555,9.5,,,,
CA-94556-MORAGA-AGIQ,US,CA,94556,9.5,,,,
CA-94557-HAYWARD-AGBF,US,CA,94557,10.0,,,,
CA-94558-94559-NAPA-COUNTY-AHWA,US,CA,94558-94559,8.0,1,94558,94559,
CA-94560-ALAMEDA-COUNTY-AGAO,US,CA,94560,9.5,,,,
CA-94561-CONTRA-COSTA-COUNTY-AGHD,US,CA,94561,8.5,,,,
CA-94562-NAPA-COUNTY-AHWA,US,CA,94562,8.0,,,,
CA-94563-ORINDA-AGIU,US,CA,94563,9.0,,,,
CA-94564-PINOLE-AGIW,US,CA,94564,9.5,,,,
CA-94565-PITTSBURG-AGIY,US,CA,94565,9.0,,,,
CA-94566-ALAMEDA-COUNTY-AGAO,US,CA,94566,9.5,,,,
CA-94567-NAPA-COUNTY-AHWA,US,CA,94567,8.0,,,,
CA-94568-ALAMEDA-COUNTY-AGAO,US,CA,94568,9.5,,,,
CA-94569-CONTRA-COSTA-COUNTY-AGHD,US,CA,94569,8.5,,,,
CA-94570-MORAGA-AGIQ,US,CA,94570,9.5,,,,
CA-94571-RIO-VISTA-AJJO,US,CA,94571,8.375,,,,
CA-94572-CONTRA-COSTA-COUNTY-AGHD,US,CA,94572,8.5,,,,
CA-94573-94574-NAPA-COUNTY-AHWA,US,CA,94573-94574,8.0,1,94573,94574,
CA-94575-MORAGA-AGIQ,US,CA,94575,9.5,,,,
CA-94576-NAPA-COUNTY-AHWA,US,CA,94576,8.0,,,,
CA-94577-94579-SAN-LEANDRO-AGBR,US,CA,94577-94579,10.0,1,94577,94579,
CA-94580-ALAMEDA-COUNTY-AGAO,US,CA,94580,9.5,,,,
CA-94581-NAPA-COUNTY-AHWA,US,CA,94581,8.0,,,,
CA-94582-94583-CONTRA-COSTA-COUNTY-AGHD,US,CA,94582-94583,8.5,1,94582,94583,
CA-94585-SOLANO-COUNTY-AJJC,US,CA,94585,7.625,,,,
CA-94586-ALAMEDA-COUNTY-AGAO,US,CA,94586,9.5,,,,
CA-94587-UNION-CITY-AGBX,US,CA,94587,10.0,,,,
CA-94588-ALAMEDA-COUNTY-AGAO,US,CA,94588,9.5,,,,
CA-94589-94592-VALLEJO-AJJW,US,CA,94589-94592,8.625,1,94589,94592,
CA-94595-94598-CONTRA-COSTA-COUNTY-AGHD,US,CA,94595-94598,8.5,1,94595,94598,
CA-94599-NAPA-COUNTY-AHWA,US,CA,94599,8.0,,,,
CA-94601-94705-ALAMEDA-COUNTY-AGAO,US,CA,94601-94705,9.5,1,94601,94705,
CA-94706-ALBANY-AGAT,US,CA,94706,10.0,,,,
CA-94707-94720-ALAMEDA-COUNTY-AGAO,US,CA,94707-94720,9.5,1,94707,94720,
CA-94801-94802-RICHMOND-AGJE,US,CA,94801-94802,9.5,1,94801,94802,
CA-94803-CONTRA-COSTA-COUNTY-AGHD,US,CA,94803,8.5,,,,
CA-94804-94805-RICHMOND-AGJE,US,CA,94804-94805,9.5,1,94804,94805,
CA-94806-SAN-PABLO-AGJI,US,CA,94806,9.25,,,,
CA-94807-RICHMOND-AGJE,US,CA,94807,9.5,,,,
CA-94820-CONTRA-COSTA-COUNTY-AGHD,US,CA,94820,8.5,,,,
CA-94850-RICHMOND-AGJE,US,CA,94850,9.5,,,,
CA-94901-94903-SAN-RAFAEL-AHNW,US,CA,94901-94903,9.25,1,94901,94903,
CA-94904-LARKSPUR-AHNA,US,CA,94904,9.0,,,,
CA-94912-SAN-RAFAEL-AHNW,US,CA,94912,9.25,,,,
CA-94913-94914-MARIN-COUNTY-AHME,US,CA,94913-94914,8.5,1,94913,94914,
CA-94915-SAN-RAFAEL-AHNW,US,CA,94915,9.25,,,,
CA-94920-MARIN-COUNTY-AHME,US,CA,94920,8.5,,,,
CA-94922-94923-SONOMA-COUNTY-AJJY,US,CA,94922-94923,8.25,1,94922,94923,
CA-94924-MARIN-COUNTY-AHME,US,CA,94924,8.5,,,,
CA-94925-CORTE-MADERA-AHMK,US,CA,94925,9.0,,,,
CA-94926-COTATI-AJKP,US,CA,94926,9.25,,,,
CA-94927-94928-ROHNERT-PARK-AJMB,US,CA,94927-94928,8.75,1,94927,94928,
CA-94929-MARIN-COUNTY-AHME,US,CA,94929,8.5,,,,
CA-94930-FAIRFAX-AHMO,US,CA,94930,9.0,,,,
CA-94931-COTATI-AJKP,US,CA,94931,9.25,,,,
CA-94933-94938-MARIN-COUNTY-AHME,US,CA,94933-94938,8.5,1,94933,94938,
CA-94939-LARKSPUR-AHNA,US,CA,94939,9.0,,,,
CA-94940-94942-MARIN-COUNTY-AHME,US,CA,94940-94942,8.5,1,94940,94942,
CA-94945-NOVATO-AHNI,US,CA,94945,8.75,,,,
CA-94946-MARIN-COUNTY-AHME,US,CA,94946,8.5,,,,
CA-94947-94949-NOVATO-AHNI,US,CA,94947-94949,8.75,1,94947,94949,
CA-94950-MARIN-COUNTY-AHME,US,CA,94950,8.5,,,,
CA-94951-94955-SONOMA-COUNTY-AJJY,US,CA,94951-94955,8.25,1,94951,94955,
CA-94956-94957-MARIN-COUNTY-AHME,US,CA,94956-94957,8.5,1,94956,94957,
CA-94960-SAN-ANSELMO-AHNQ,US,CA,94960,9.0,,,,
CA-94963-94964-MARIN-COUNTY-AHME,US,CA,94963-94964,8.5,1,94963,94964,
CA-94965-94966-SAUSALITO-AHNY,US,CA,94965-94966,9.0,1,94965,94966,
CA-94970-94971-MARIN-COUNTY-AHME,US,CA,94970-94971,8.5,1,94970,94971,
CA-94972-SONOMA-COUNTY-AJJY,US,CA,94972,8.25,,,,
CA-94973-94974-MARIN-COUNTY-AHME,US,CA,94973-94974,8.5,1,94973,94974,
CA-94975-SONOMA-COUNTY-AJJY,US,CA,94975,8.25,,,,
CA-94976-CORTE-MADERA-AHMK,US,CA,94976,9.0,,,,
CA-94977-LARKSPUR-AHNA,US,CA,94977,9.0,,,,
CA-94978-FAIRFAX-AHMO,US,CA,94978,9.0,,,,
CA-94979-SAN-ANSELMO-AHNQ,US,CA,94979,9.0,,,,
CA-94998-NOVATO-AHNI,US,CA,94998,8.75,,,,
CA-94999-SONOMA-COUNTY-AJJY,US,CA,94999,8.25,,,,
CA-95001-SANTA-CRUZ-COUNTY-AJDD,US,CA,95001,8.25,,,,
CA-95002-SANTA-CLARA-COUNTY-AJBI,US,CA,95002,8.75,,,,
CA-95003-SANTA-CRUZ-COUNTY-AJDD,US,CA,95003,8.25,,,,
CA-95004-MONTEREY-COUNTY-AHUE,US,CA,95004,7.625,,,,
CA-95005-95007-SANTA-CRUZ-COUNTY-AJDD,US,CA,95005-95007,8.25,1,95005,95007,
CA-95008-95009-CAMPBELL-AJBR,US,CA,95008-95009,9.0,1,95008,95009,
CA-95010-CAPITOLA-AJDO,US,CA,95010,8.75,,,,
CA-95011-CAMPBELL-AJBR,US,CA,95011,9.0,,,,
CA-95012-MONTEREY-COUNTY-AHUE,US,CA,95012,7.625,,,,
CA-95013-95015-SANTA-CLARA-COUNTY-AJBI,US,CA,95013-95015,8.75,1,95013,95015,
CA-95017-95018-SANTA-CRUZ-COUNTY-AJDD,US,CA,95017-95018,8.25,1,95017,95018,
CA-95019-WATSONVILLE-AJEI,US,CA,95019,9.0,,,,
CA-95020-95021-SANTA-CLARA-COUNTY-AJBI,US,CA,95020-95021,8.75,1,95020,95021,
CA-95023-95024-HOLLISTER-AIKG,US,CA,95023-95024,8.5,1,95023,95024,
CA-95030-95032-SANTA-CLARA-COUNTY-AJBI,US,CA,95030-95032,8.75,1,95030,95032,
CA-95033-SANTA-CRUZ-COUNTY-AJDD,US,CA,95033,8.25,,,,
CA-95035-95038-SANTA-CLARA-COUNTY-AJBI,US,CA,95035-95038,8.75,1,95035,95038,
CA-95039-MONTEREY-COUNTY-AHUE,US,CA,95039,7.625,,,,
CA-95041-SANTA-CRUZ-COUNTY-AJDD,US,CA,95041,8.25,,,,
CA-95043-SAN-BENITO-COUNTY-AIKB,US,CA,95043,7.5,,,,
CA-95044-SANTA-CLARA-COUNTY-AJBI,US,CA,95044,8.75,,,,
CA-95045-SAN-BENITO-COUNTY-AIKB,US,CA,95045,7.5,,,,
CA-95046-95056-SANTA-CLARA-COUNTY-AJBI,US,CA,95046-95056,8.75,1,95046,95056,
CA-95060-95061-SANTA-CRUZ-AJEC,US,CA,95060-95061,8.75,1,95060,95061,
CA-95062-SANTA-CRUZ-COUNTY-AJDD,US,CA,95062,8.25,,,,
CA-95063-95064-SANTA-CRUZ-AJEC,US,CA,95063-95064,8.75,1,95063,95064,
CA-95065-SANTA-CRUZ-COUNTY-AJDD,US,CA,95065,8.25,,,,
CA-95066-95067-SCOTTS-VALLEY-AJEE,US,CA,95066-95067,8.75,1,95066,95067,
CA-95070-95071-SANTA-CLARA-COUNTY-AJBI,US,CA,95070-95071,8.75,1,95070,95071,
CA-95073-SANTA-CRUZ-COUNTY-AJDD,US,CA,95073,8.25,,,,
CA-95075-SAN-BENITO-COUNTY-AIKB,US,CA,95075,7.5,,,,
CA-95076-95077-WATSONVILLE-AJEI,US,CA,95076-95077,9.0,1,95076,95077,
CA-95101-95196-SANTA-CLARA-COUNTY-AJBI,US,CA,95101-95196,8.75,1,95101,95196,
CA-95201-SAN-JOAQUIN-COUNTY-AIUV,US,CA,95201,8.0,,,,
CA-95202-95207-STOCKTON-AIVY,US,CA,95202-95207,9.0,1,95202,95207,
CA-95208-SAN-JOAQUIN-COUNTY-AIUV,US,CA,95208,8.0,,,,
CA-95209-95211-STOCKTON-AIVY,US,CA,95209-95211,9.0,1,95209,95211,
CA-95212-95215-SAN-JOAQUIN-COUNTY-AIUV,US,CA,95212-95215,8.0,1,95212,95215,
CA-95219-STOCKTON-AIVY,US,CA,95219,9.0,,,,
CA-95220-SAN-JOAQUIN-COUNTY-AIUV,US,CA,95220,8.0,,,,
CA-95221-95226-CALAVERAS-COUNTY-AGET,US,CA,95221-95226,7.5,1,95221,95226,
CA-95227-SAN-JOAQUIN-COUNTY-AIUV,US,CA,95227,8.0,,,,
CA-95228-95229-CALAVERAS-COUNTY-AGET,US,CA,95228-95229,7.5,1,95228,95229,
CA-95230-95231-SAN-JOAQUIN-COUNTY-AIUV,US,CA,95230-95231,8.0,1,95230,95231,
CA-95232-95233-CALAVERAS-COUNTY-AGET,US,CA,95232-95233,7.5,1,95232,95233,
CA-95234-95242-SAN-JOAQUIN-COUNTY-AIUV,US,CA,95234-95242,8.0,1,95234,95242,
CA-95245-95252-CALAVERAS-COUNTY-AGET,US,CA,95245-95252,7.5,1,95245,95252,
CA-95253-SAN-JOAQUIN-COUNTY-AIUV,US,CA,95253,8.0,,,,
CA-95254-95257-CALAVERAS-COUNTY-AGET,US,CA,95254-95257,7.5,1,95254,95257,
CA-95258-SAN-JOAQUIN-COUNTY-AIUV,US,CA,95258,8.0,,,,
CA-95267-95297-STOCKTON-AIVY,US,CA,95267-95297,9.0,1,95267,95297,
CA-95301-ATWATER-AHRG,US,CA,95301,8.0,,,,
CA-95303-MERCED-COUNTY-AHRE,US,CA,95303,7.5,,,,
CA-95304-SAN-JOAQUIN-COUNTY-AIUV,US,CA,95304,8.0,,,,
CA-95305-TUOLUMNE-COUNTY-AJUB,US,CA,95305,7.5,,,,
CA-95306-MARIPOSA-COUNTY-AHOG,US,CA,95306,8.0,,,,
CA-95307-CERES-AJMX,US,CA,95307,8.125,,,,
CA-95309-95310-TUOLUMNE-COUNTY-AJUB,US,CA,95309-95310,7.5,1,95309,95310,
CA-95311-MARIPOSA-COUNTY-AHOG,US,CA,95311,8.0,,,,
CA-95312-MERCED-COUNTY-AHRE,US,CA,95312,7.5,,,,
CA-95313-STANISLAUS-COUNTY-AJMV,US,CA,95313,7.625,,,,
CA-95315-MERCED-COUNTY-AHRE,US,CA,95315,7.5,,,,
CA-95316-STANISLAUS-COUNTY-AJMV,US,CA,95316,7.625,,,,
CA-95317-MERCED-COUNTY-AHRE,US,CA,95317,7.5,,,,
CA-95318-MARIPOSA-COUNTY-AHOG,US,CA,95318,8.0,,,,
CA-95319-STANISLAUS-COUNTY-AJMV,US,CA,95319,7.625,,,,
CA-95320-SAN-JOAQUIN-COUNTY-AIUV,US,CA,95320,8.0,,,,
CA-95321-TUOLUMNE-COUNTY-AJUB,US,CA,95321,7.5,,,,
CA-95322-GUSTINE-AHRU,US,CA,95322,8.0,,,,
CA-95323-STANISLAUS-COUNTY-AJMV,US,CA,95323,7.625,,,,
CA-95324-MERCED-COUNTY-AHRE,US,CA,95324,7.5,,,,
CA-95325-MARIPOSA-COUNTY-AHOG,US,CA,95325,8.0,,,,
CA-95326-STANISLAUS-COUNTY-AJMV,US,CA,95326,7.625,,,,
CA-95327-TUOLUMNE-COUNTY-AJUB,US,CA,95327,7.5,,,,
CA-95328-STANISLAUS-COUNTY-AJMV,US,CA,95328,7.625,,,,
CA-95329-TUOLUMNE-COUNTY-AJUB,US,CA,95329,7.5,,,,
CA-95330-LATHROP-AIVM,US,CA,95330,9.0,,,,
CA-95333-95334-MERCED-COUNTY-AHRE,US,CA,95333-95334,7.5,1,95333,95334,
CA-95335-TUOLUMNE-COUNTY-AJUB,US,CA,95335,7.5,,,,
CA-95336-95337-MANTECA-AIVU,US,CA,95336-95337,8.5,1,95336,95337,
CA-95338-MARIPOSA-COUNTY-AHOG,US,CA,95338,8.0,,,,
CA-95340-95341-MERCED-AHSE,US,CA,95340-95341,8.0,1,95340,95341,
CA-95343-MERCED-COUNTY-AHRE,US,CA,95343,7.5,,,,
CA-95344-MERCED-AHSE,US,CA,95344,8.0,,,,
CA-95345-MARIPOSA-COUNTY-AHOG,US,CA,95345,8.0,,,,
CA-95346-95347-TUOLUMNE-COUNTY-AJUB,US,CA,95346-95347,7.5,1,95346,95347,
CA-95348-MERCED-AHSE,US,CA,95348,8.0,,,,
CA-95350-95360-STANISLAUS-COUNTY-AJMV,US,CA,95350-95360,7.625,1,95350,95360,
CA-95361-OAKDALE-AJNR,US,CA,95361,8.125,,,,
CA-95363-STANISLAUS-COUNTY-AJMV,US,CA,95363,7.625,,,,
CA-95364-TUOLUMNE-COUNTY-AJUB,US,CA,95364,7.5,,,,
CA-95365-MERCED-COUNTY-AHRE,US,CA,95365,7.5,,,,
CA-95366-SAN-JOAQUIN-COUNTY-AIUV,US,CA,95366,8.0,,,,
CA-95367-95368-STANISLAUS-COUNTY-AJMV,US,CA,95367-95368,7.625,1,95367,95368,
CA-95369-MERCED-COUNTY-AHRE,US,CA,95369,7.5,,,,
CA-95370-95373-TUOLUMNE-COUNTY-AJUB,US,CA,95370-95373,7.5,1,95370,95373,
CA-95374-MERCED-COUNTY-AHRE,US,CA,95374,7.5,,,,
CA-95375-TUOLUMNE-COUNTY-AJUB,US,CA,95375,7.5,,,,
CA-95376-95378-SAN-JOAQUIN-COUNTY-AIUV,US,CA,95376-95378,8.0,1,95376,95378,
CA-95379-TUOLUMNE-COUNTY-AJUB,US,CA,95379,7.5,,,,
CA-95380-95382-STANISLAUS-COUNTY-AJMV,US,CA,95380-95382,7.625,1,95380,95382,
CA-95383-TUOLUMNE-COUNTY-AJUB,US,CA,95383,7.5,,,,
CA-95385-95387-STANISLAUS-COUNTY-AJMV,US,CA,95385-95387,7.625,1,95385,95387,
CA-95388-MERCED-COUNTY-AHRE,US,CA,95388,7.5,,,,
CA-95389-MARIPOSA-COUNTY-AHOG,US,CA,95389,8.0,,,,
CA-95391-SAN-JOAQUIN-COUNTY-AIUV,US,CA,95391,8.0,,,,
CA-95397-STANISLAUS-COUNTY-AJMV,US,CA,95397,7.625,,,,
CA-95401-95409-SANTA-ROSA-AJMD,US,CA,95401-95409,8.75,1,95401,95409,
CA-95410-MENDOCINO-COUNTY-AHOY,US,CA,95410,7.625,,,,
CA-95412-SONOMA-COUNTY-AJJY,US,CA,95412,8.25,,,,
CA-95415-MENDOCINO-COUNTY-AHOY,US,CA,95415,7.625,,,,
CA-95416-SONOMA-COUNTY-AJJY,US,CA,95416,8.25,,,,
CA-95417-95418-MENDOCINO-COUNTY-AHOY,US,CA,95417-95418,7.625,1,95417,95418,
CA-95419-SONOMA-COUNTY-AJJY,US,CA,95419,8.25,,,,
CA-95420-MENDOCINO-COUNTY-AHOY,US,CA,95420,7.625,,,,
CA-95421-SONOMA-COUNTY-AJJY,US,CA,95421,8.25,,,,
CA-95422-CLEARLAKE-AGYY,US,CA,95422,8.0,,,,
CA-95423-LAKE-COUNTY-AGYW,US,CA,95423,7.5,,,,
CA-95424-CLEARLAKE-AGYY,US,CA,95424,8.0,,,,
CA-95425-SONOMA-COUNTY-AJJY,US,CA,95425,8.25,,,,
CA-95426-LAKE-COUNTY-AGYW,US,CA,95426,7.5,,,,
CA-95427-95429-MENDOCINO-COUNTY-AHOY,US,CA,95427-95429,7.625,1,95427,95429,
CA-95430-95431-SONOMA-COUNTY-AJJY,US,CA,95430-95431,8.25,1,95430,95431,
CA-95432-MENDOCINO-COUNTY-AHOY,US,CA,95432,7.625,,,,
CA-95433-SONOMA-COUNTY-AJJY,US,CA,95433,8.25,,,,
CA-95435-LAKE-COUNTY-AGYW,US,CA,95435,7.5,,,,
CA-95436-SONOMA-COUNTY-AJJY,US,CA,95436,8.25,,,,
CA-95437-FORT-BRAGG-AHPS,US,CA,95437,8.625,,,,
CA-95439-95442-SONOMA-COUNTY-AJJY,US,CA,95439-95442,8.25,1,95439,95442,
CA-95443-LAKE-COUNTY-AGYW,US,CA,95443,7.5,,,,
CA-95444-SONOMA-COUNTY-AJJY,US,CA,95444,8.25,,,,
CA-95445-MENDOCINO-COUNTY-AHOY,US,CA,95445,7.625,,,,
CA-95446-SONOMA-COUNTY-AJJY,US,CA,95446,8.25,,,,
CA-95448-HEALDSBURG-AJLJ,US,CA,95448,8.75,,,,
CA-95449-MENDOCINO-COUNTY-AHOY,US,CA,95449,7.625,,,,
CA-95450-SONOMA-COUNTY-AJJY,US,CA,95450,8.25,,,,
CA-95451-LAKE-COUNTY-AGYW,US,CA,95451,7.5,,,,
CA-95452-SONOMA-COUNTY-AJJY,US,CA,95452,8.25,,,,
CA-95453-LAKEPORT-AGZM,US,CA,95453,8.0,,,,
CA-95454-95456-MENDOCINO-COUNTY-AHOY,US,CA,95454-95456,7.625,1,95454,95456,
CA-95457-95458-LAKE-COUNTY-AGYW,US,CA,95457-95458,7.5,1,95457,95458,
CA-95459-95460-MENDOCINO-COUNTY-AHOY,US,CA,95459-95460,7.625,1,95459,95460,
CA-95461-LAKE-COUNTY-AGYW,US,CA,95461,7.5,,,,
CA-95462-SONOMA-COUNTY-AJJY,US,CA,95462,8.25,,,,
CA-95463-MENDOCINO-COUNTY-AHOY,US,CA,95463,7.625,,,,
CA-95464-LAKE-COUNTY-AGYW,US,CA,95464,7.5,,,,
CA-95465-SONOMA-COUNTY-AJJY,US,CA,95465,8.25,,,,
CA-95466-MENDOCINO-COUNTY-AHOY,US,CA,95466,7.625,,,,
CA-95467-LAKE-COUNTY-AGYW,US,CA,95467,7.5,,,,
CA-95468-95470-MENDOCINO-COUNTY-AHOY,US,CA,95468-95470,7.625,1,95468,95470,
CA-95471-95472-SONOMA-COUNTY-AJJY,US,CA,95471-95472,8.25,1,95471,95472,
CA-95473-SEBASTOPOL-AJMF,US,CA,95473,9.0,,,,
CA-95476-95480-SONOMA-COUNTY-AJJY,US,CA,95476-95480,8.25,1,95476,95480,
CA-95481-95482-MENDOCINO-COUNTY-AHOY,US,CA,95481-95482,7.625,1,95481,95482,
CA-95485-LAKE-COUNTY-AGYW,US,CA,95485,7.5,,,,
CA-95486-95487-SONOMA-COUNTY-AJJY,US,CA,95486-95487,8.25,1,95486,95487,
CA-95488-95490-MENDOCINO-COUNTY-AHOY,US,CA,95488-95490,7.625,1,95488,95490,
CA-95492-SONOMA-COUNTY-AJJY,US,CA,95492,8.25,,,,
CA-95493-LAKE-COUNTY-AGYW,US,CA,95493,7.5,,,,
CA-95494-MENDOCINO-COUNTY-AHOY,US,CA,95494,7.625,,,,
CA-95497-SONOMA-COUNTY-AJJY,US,CA,95497,8.25,,,,
CA-95501-95502-EUREKA-AGQO,US,CA,95501-95502,8.75,1,95501,95502,
CA-95503-95514-HUMBOLDT-COUNTY-AGPW,US,CA,95503-95514,8.0,1,95503,95514,
CA-95518-ARCATA-AGQA,US,CA,95518,8.75,,,,
CA-95519-HUMBOLDT-COUNTY-AGPW,US,CA,95519,8.0,,,,
CA-95521-ARCATA-AGQA,US,CA,95521,8.75,,,,
CA-95524-95526-HUMBOLDT-COUNTY-AGPW,US,CA,95524-95526,8.0,1,95524,95526,
CA-95527-TRINITY-COUNTY-AJQF,US,CA,95527,7.5,,,,
CA-95528-HUMBOLDT-COUNTY-AGPW,US,CA,95528,8.0,,,,
CA-95531-95532-DEL-NORTE-COUNTY-AGJO,US,CA,95531-95532,7.75,1,95531,95532,
CA-95534-95542-HUMBOLDT-COUNTY-AGPW,US,CA,95534-95542,8.0,1,95534,95542,
CA-95543-DEL-NORTE-COUNTY-AGJO,US,CA,95543,7.75,,,,
CA-95545-95547-HUMBOLDT-COUNTY-AGPW,US,CA,95545-95547,8.0,1,95545,95547,
CA-95548-DEL-NORTE-COUNTY-AGJO,US,CA,95548,7.75,,,,
CA-95549-95551-HUMBOLDT-COUNTY-AGPW,US,CA,95549-95551,8.0,1,95549,95551,
CA-95552-TRINITY-COUNTY-AJQF,US,CA,95552,7.5,,,,
CA-95553-95560-HUMBOLDT-COUNTY-AGPW,US,CA,95553-95560,8.0,1,95553,95560,
CA-95562-RIO-DELL-AGSE,US,CA,95562,9.0,,,,
CA-95563-TRINITY-COUNTY-AJQF,US,CA,95563,7.5,,,,
CA-95564-95565-HUMBOLDT-COUNTY-AGPW,US,CA,95564-95565,8.0,1,95564,95565,
CA-95567-DEL-NORTE-COUNTY-AGJO,US,CA,95567,7.75,,,,
CA-95568-SISKIYOU-COUNTY-AJHI,US,CA,95568,7.5,,,,
CA-95569-95573-HUMBOLDT-COUNTY-AGPW,US,CA,95569-95573,8.0,1,95569,95573,
CA-95585-MENDOCINO-COUNTY-AHOY,US,CA,95585,7.625,,,,
CA-95587-95589-HUMBOLDT-COUNTY-AGPW,US,CA,95587-95589,8.0,1,95587,95589,
CA-95595-TRINITY-COUNTY-AJQF,US,CA,95595,7.5,,,,
CA-95601-AMADOR-COUNTY-AGCF,US,CA,95601,8.0,,,,
CA-95602-95604-PLACER-COUNTY-AIBH,US,CA,95602-95604,7.5,1,95602,95604,
CA-95605-WEST-SACRAMENTO-AJYB,US,CA,95605,8.0,,,,
CA-95606-95607-YOLO-COUNTY-AJXB,US,CA,95606-95607,7.5,1,95606,95607,
CA-95608-95611-SACRAMENTO-COUNTY-AIIA,US,CA,95608-95611,8.0,1,95608,95611,
CA-95612-YOLO-COUNTY-AJXB,US,CA,95612,7.5,,,,
CA-95613-95614-EL-DORADO-COUNTY-AGKB,US,CA,95613-95614,7.5,1,95613,95614,
CA-95615-SACRAMENTO-COUNTY-AIIA,US,CA,95615,8.0,,,,
CA-95616-95618-DAVIS-AJXL,US,CA,95616-95618,8.5,1,95616,95618,
CA-95619-EL-DORADO-COUNTY-AGKB,US,CA,95619,7.5,,,,
CA-95620-SOLANO-COUNTY-AJJC,US,CA,95620,7.625,,,,
CA-95621-SACRAMENTO-COUNTY-AIIA,US,CA,95621,8.0,,,,
CA-95623-EL-DORADO-COUNTY-AGKB,US,CA,95623,7.5,,,,
CA-95624-SACRAMENTO-COUNTY-AIIA,US,CA,95624,8.0,,,,
CA-95625-SOLANO-COUNTY-AJJC,US,CA,95625,7.625,,,,
CA-95626-SACRAMENTO-COUNTY-AIIA,US,CA,95626,8.0,,,,
CA-95627-YOLO-COUNTY-AJXB,US,CA,95627,7.5,,,,
CA-95628-SACRAMENTO-COUNTY-AIIA,US,CA,95628,8.0,,,,
CA-95629-AMADOR-COUNTY-AGCF,US,CA,95629,8.0,,,,
CA-95630-SACRAMENTO-COUNTY-AIIA,US,CA,95630,8.0,,,,
CA-95631-PLACER-COUNTY-AIBH,US,CA,95631,7.5,,,,
CA-95632-GALT-AIIV,US,CA,95632,8.5,,,,
CA-95633-95636-EL-DORADO-COUNTY-AGKB,US,CA,95633-95636,7.5,1,95633,95636,
CA-95637-YOLO-COUNTY-AJXB,US,CA,95637,7.5,,,,
CA-95638-95639-SACRAMENTO-COUNTY-AIIA,US,CA,95638-95639,8.0,1,95638,95639,
CA-95640-AMADOR-COUNTY-AGCF,US,CA,95640,8.0,,,,
CA-95641-SACRAMENTO-COUNTY-AIIA,US,CA,95641,8.0,,,,
CA-95642-AMADOR-COUNTY-AGCF,US,CA,95642,8.0,,,,
CA-95645-SUTTER-COUNTY-AJOJ,US,CA,95645,7.5,,,,
CA-95646-ALPINE-COUNTY-AGBZ,US,CA,95646,7.5,,,,
CA-95648-95650-PLACER-COUNTY-AIBH,US,CA,95648-95650,7.5,1,95648,95650,
CA-95651-EL-DORADO-COUNTY-AGKB,US,CA,95651,7.5,,,,
CA-95652-SACRAMENTO-COUNTY-AIIA,US,CA,95652,8.0,,,,
CA-95653-YOLO-COUNTY-AJXB,US,CA,95653,7.5,,,,
CA-95654-AMADOR-COUNTY-AGCF,US,CA,95654,8.0,,,,
CA-95655-SACRAMENTO-COUNTY-AIIA,US,CA,95655,8.0,,,,
CA-95656-EL-DORADO-COUNTY-AGKB,US,CA,95656,7.5,,,,
CA-95658-PLACER-COUNTY-AIBH,US,CA,95658,7.5,,,,
CA-95659-SUTTER-COUNTY-AJOJ,US,CA,95659,7.5,,,,
CA-95660-SACRAMENTO-COUNTY-AIIA,US,CA,95660,8.0,,,,
CA-95661-PLACER-COUNTY-AIBH,US,CA,95661,7.5,,,,
CA-95662-SACRAMENTO-COUNTY-AIIA,US,CA,95662,8.0,,,,
CA-95663-PLACER-COUNTY-AIBH,US,CA,95663,7.5,,,,
CA-95664-EL-DORADO-COUNTY-AGKB,US,CA,95664,7.5,,,,
CA-95665-95666-AMADOR-COUNTY-AGCF,US,CA,95665-95666,8.0,1,95665,95666,
CA-95667-EL-DORADO-COUNTY-AGKB,US,CA,95667,7.5,,,,
CA-95668-SUTTER-COUNTY-AJOJ,US,CA,95668,7.5,,,,
CA-95669-AMADOR-COUNTY-AGCF,US,CA,95669,8.0,,,,
CA-95670-RANCHO-CORDOVA-AIJL,US,CA,95670,8.5,,,,
CA-95671-SACRAMENTO-COUNTY-AIIA,US,CA,95671,8.0,,,,
CA-95672-EL-DORADO-COUNTY-AGKB,US,CA,95672,7.5,,,,
CA-95673-SACRAMENTO-COUNTY-AIIA,US,CA,95673,8.0,,,,
CA-95674-SUTTER-COUNTY-AJOJ,US,CA,95674,7.5,,,,
CA-95675-AMADOR-COUNTY-AGCF,US,CA,95675,8.0,,,,
CA-95676-SUTTER-COUNTY-AJOJ,US,CA,95676,7.5,,,,
CA-95677-95678-PLACER-COUNTY-AIBH,US,CA,95677-95678,7.5,1,95677,95678,
CA-95679-YOLO-COUNTY-AJXB,US,CA,95679,7.5,,,,
CA-95680-SACRAMENTO-COUNTY-AIIA,US,CA,95680,8.0,,,,
CA-95681-PLACER-COUNTY-AIBH,US,CA,95681,7.5,,,,
CA-95682-EL-DORADO-COUNTY-AGKB,US,CA,95682,7.5,,,,
CA-95683-SACRAMENTO-COUNTY-AIIA,US,CA,95683,8.0,,,,
CA-95684-EL-DORADO-COUNTY-AGKB,US,CA,95684,7.5,,,,
CA-95685-AMADOR-COUNTY-AGCF,US,CA,95685,8.0,,,,
CA-95686-SAN-JOAQUIN-COUNTY-AIUV,US,CA,95686,8.0,,,,
CA-95687-95688-VACAVILLE-AJJU,US,CA,95687-95688,7.875,1,95687,95688,
CA-95689-AMADOR-COUNTY-AGCF,US,CA,95689,8.0,,,,
CA-95690-SACRAMENTO-COUNTY-AIIA,US,CA,95690,8.0,,,,
CA-95691-WEST-SACRAMENTO-AJYB,US,CA,95691,8.0,,,,
CA-95692-WHEATLAND-AJZN,US,CA,95692,8.0,,,,
CA-95693-SACRAMENTO-COUNTY-AIIA,US,CA,95693,8.0,,,,
CA-95694-YOLO-COUNTY-AJXB,US,CA,95694,7.5,,,,
CA-95695-WOODLAND-AJYF,US,CA,95695,8.25,,,,
CA-95696-VACAVILLE-AJJU,US,CA,95696,7.875,,,,
CA-95697-95698-YOLO-COUNTY-AJXB,US,CA,95697-95698,7.5,1,95697,95698,
CA-95699-AMADOR-COUNTY-AGCF,US,CA,95699,8.0,,,,
CA-95701-95703-PLACER-COUNTY-AIBH,US,CA,95701-95703,7.5,1,95701,95703,
CA-95709-EL-DORADO-COUNTY-AGKB,US,CA,95709,7.5,,,,
CA-95712-NEVADA-COUNTY-AHWU,US,CA,95712,7.625,,,,
CA-95713-95717-PLACER-COUNTY-AIBH,US,CA,95713-95717,7.5,1,95713,95717,
CA-95720-95721-EL-DORADO-COUNTY-AGKB,US,CA,95720-95721,7.5,1,95720,95721,
CA-95722-PLACER-COUNTY-AIBH,US,CA,95722,7.5,,,,
CA-95726-EL-DORADO-COUNTY-AGKB,US,CA,95726,7.5,,,,
CA-95728-NEVADA-COUNTY-AHWU,US,CA,95728,7.625,,,,
CA-95735-EL-DORADO-COUNTY-AGKB,US,CA,95735,7.5,,,,
CA-95736-PLACER-COUNTY-AIBH,US,CA,95736,7.5,,,,
CA-95741-95742-RANCHO-CORDOVA-AIJL,US,CA,95741-95742,8.5,1,95741,95742,
CA-95746-95747-PLACER-COUNTY-AIBH,US,CA,95746-95747,7.5,1,95746,95747,
CA-95757-95759-SACRAMENTO-COUNTY-AIIA,US,CA,95757-95759,8.0,1,95757,95759,
CA-95762-EL-DORADO-COUNTY-AGKB,US,CA,95762,7.5,,,,
CA-95763-SACRAMENTO-COUNTY-AIIA,US,CA,95763,8.0,,,,
CA-95765-PLACER-COUNTY-AIBH,US,CA,95765,7.5,,,,
CA-95776-WOODLAND-AJYF,US,CA,95776,8.25,,,,
CA-95798-95799-WEST-SACRAMENTO-AJYB,US,CA,95798-95799,8.0,1,95798,95799,
CA-95811-95820-SACRAMENTO-AIJT,US,CA,95811-95820,8.5,1,95811,95820,
CA-95821-SACRAMENTO-COUNTY-AIIA,US,CA,95821,8.0,,,,
CA-95822-95823-SACRAMENTO-AIJT,US,CA,95822-95823,8.5,1,95822,95823,
CA-95824-95826-SACRAMENTO-COUNTY-AIIA,US,CA,95824-95826,8.0,1,95824,95826,
CA-95827-RANCHO-CORDOVA-AIJL,US,CA,95827,8.5,,,,
CA-95828-95830-SACRAMENTO-COUNTY-AIIA,US,CA,95828-95830,8.0,1,95828,95830,
CA-95831-95835-SACRAMENTO-AIJT,US,CA,95831-95835,8.5,1,95831,95835,
CA-95836-95837-SACRAMENTO-COUNTY-AIIA,US,CA,95836-95837,8.0,1,95836,95837,
CA-95838-95840-SACRAMENTO-AIJT,US,CA,95838-95840,8.5,1,95838,95840,
CA-95841-95843-SACRAMENTO-COUNTY-AIIA,US,CA,95841-95843,8.0,1,95841,95843,
CA-95851-95853-SACRAMENTO-AIJT,US,CA,95851-95853,8.5,1,95851,95853,
CA-95860-95866-SACRAMENTO-COUNTY-AIIA,US,CA,95860-95866,8.0,1,95860,95866,
CA-95867-95894-SACRAMENTO-AIJT,US,CA,95867-95894,8.5,1,95867,95894,
CA-95901-95903-YUBA-COUNTY-AJYL,US,CA,95901-95903,7.5,1,95901,95903,
CA-95910-SIERRA-COUNTY-AJGS,US,CA,95910,7.5,,,,
CA-95912-COLUSA-COUNTY-AGGL,US,CA,95912,7.5,,,,
CA-95913-GLENN-COUNTY-AGPG,US,CA,95913,7.5,,,,
CA-95914-BUTTE-COUNTY-AGDH,US,CA,95914,7.5,,,,
CA-95915-PLUMAS-COUNTY-AIDJ,US,CA,95915,7.5,,,,
CA-95916-95917-BUTTE-COUNTY-AGDH,US,CA,95916-95917,7.5,1,95916,95917,
CA-95918-95919-YUBA-COUNTY-AJYL,US,CA,95918-95919,7.5,1,95918,95919,
CA-95920-GLENN-COUNTY-AGPG,US,CA,95920,7.5,,,,
CA-95922-YUBA-COUNTY-AJYL,US,CA,95922,7.5,,,,
CA-95923-PLUMAS-COUNTY-AIDJ,US,CA,95923,7.5,,,,
CA-95924-NEVADA-COUNTY-AHWU,US,CA,95924,7.625,,,,
CA-95925-YUBA-COUNTY-AJYL,US,CA,95925,7.5,,,,
CA-95926-95930-BUTTE-COUNTY-AGDH,US,CA,95926-95930,7.5,1,95926,95930,
CA-95932-COLUSA-COUNTY-AGGL,US,CA,95932,7.5,,,,
CA-95934-PLUMAS-COUNTY-AIDJ,US,CA,95934,7.5,,,,
CA-95935-YUBA-COUNTY-AJYL,US,CA,95935,7.5,,,,
CA-95936-SIERRA-COUNTY-AJGS,US,CA,95936,7.5,,,,
CA-95937-YOLO-COUNTY-AJXB,US,CA,95937,7.5,,,,
CA-95938-BUTTE-COUNTY-AGDH,US,CA,95938,7.5,,,,
CA-95939-GLENN-COUNTY-AGPG,US,CA,95939,7.5,,,,
CA-95940-95942-BUTTE-COUNTY-AGDH,US,CA,95940-95942,7.5,1,95940,95942,
CA-95943-GLENN-COUNTY-AGPG,US,CA,95943,7.5,,,,
CA-95944-SIERRA-COUNTY-AJGS,US,CA,95944,7.5,,,,
CA-95945-GRASS-VALLEY-AHXC,US,CA,95945,8.125,,,,
CA-95946-NEVADA-COUNTY-AHWU,US,CA,95946,7.625,,,,
CA-95947-PLUMAS-COUNTY-AIDJ,US,CA,95947,7.5,,,,
CA-95948-BUTTE-COUNTY-AGDH,US,CA,95948,7.5,,,,
CA-95949-NEVADA-COUNTY-AHWU,US,CA,95949,7.625,,,,
CA-95950-COLUSA-COUNTY-AGGL,US,CA,95950,7.5,,,,
CA-95951-GLENN-COUNTY-AGPG,US,CA,95951,7.5,,,,
CA-95953-SUTTER-COUNTY-AJOJ,US,CA,95953,7.5,,,,
CA-95954-BUTTE-COUNTY-AGDH,US,CA,95954,7.5,,,,
CA-95955-COLUSA-COUNTY-AGGL,US,CA,95955,7.5,,,,
CA-95956-PLUMAS-COUNTY-AIDJ,US,CA,95956,7.5,,,,
CA-95957-SUTTER-COUNTY-AJOJ,US,CA,95957,7.5,,,,
CA-95958-BUTTE-COUNTY-AGDH,US,CA,95958,7.5,,,,
CA-95959-95960-NEVADA-COUNTY-AHWU,US,CA,95959-95960,7.625,1,95959,95960,
CA-95961-95962-YUBA-COUNTY-AJYL,US,CA,95961-95962,7.5,1,95961,95962,
CA-95963-GLENN-COUNTY-AGPG,US,CA,95963,7.5,,,,
CA-95965-95966-BUTTE-COUNTY-AGDH,US,CA,95965-95966,7.5,1,95965,95966,
CA-95967-PARADISE-AGEL,US,CA,95967,8.0,,,,
CA-95968-BUTTE-COUNTY-AGDH,US,CA,95968,7.5,,,,
CA-95969-PARADISE-AGEL,US,CA,95969,8.0,,,,
CA-95970-COLUSA-COUNTY-AGGL,US,CA,95970,7.5,,,,
CA-95971-PLUMAS-COUNTY-AIDJ,US,CA,95971,7.5,,,,
CA-95972-YUBA-COUNTY-AJYL,US,CA,95972,7.5,,,,
CA-95973-95974-BUTTE-COUNTY-AGDH,US,CA,95973-95974,7.5,1,95973,95974,
CA-95975-NEVADA-COUNTY-AHWU,US,CA,95975,7.625,,,,
CA-95976-BUTTE-COUNTY-AGDH,US,CA,95976,7.5,,,,
CA-95977-NEVADA-COUNTY-AHWU,US,CA,95977,7.625,,,,
CA-95978-BUTTE-COUNTY-AGDH,US,CA,95978,7.5,,,,
CA-95979-COLUSA-COUNTY-AGGL,US,CA,95979,7.5,,,,
CA-95980-BUTTE-COUNTY-AGDH,US,CA,95980,7.5,,,,
CA-95981-YUBA-COUNTY-AJYL,US,CA,95981,7.5,,,,
CA-95982-SUTTER-COUNTY-AJOJ,US,CA,95982,7.5,,,,
CA-95983-95984-PLUMAS-COUNTY-AIDJ,US,CA,95983-95984,7.5,1,95983,95984,
CA-95986-NEVADA-COUNTY-AHWU,US,CA,95986,7.625,,,,
CA-95987-WILLIAMS-AGHB,US,CA,95987,8.0,,,,
CA-95988-GLENN-COUNTY-AGPG,US,CA,95988,7.5,,,,
CA-95991-95993-SUTTER-COUNTY-AJOJ,US,CA,95991-95993,7.5,1,95991,95993,
CA-96001-96003-SHASTA-COUNTY-AJEK,US,CA,96001-96003,7.5,1,96001,96003,
CA-96006-MODOC-COUNTY-AHSS,US,CA,96006,7.5,,,,
CA-96007-ANDERSON-AJEM,US,CA,96007,8.0,,,,
CA-96008-SHASTA-COUNTY-AJEK,US,CA,96008,7.5,,,,
CA-96009-LASSEN-COUNTY-AHAA,US,CA,96009,7.5,,,,
CA-96010-TRINITY-COUNTY-AJQF,US,CA,96010,7.5,,,,
CA-96011-96013-SHASTA-COUNTY-AJEK,US,CA,96011-96013,7.5,1,96011,96013,
CA-96014-SISKIYOU-COUNTY-AJHI,US,CA,96014,7.5,,,,
CA-96015-MODOC-COUNTY-AHSS,US,CA,96015,7.5,,,,
CA-96016-96019-SHASTA-COUNTY-AJEK,US,CA,96016-96019,7.5,1,96016,96019,
CA-96020-PLUMAS-COUNTY-AIDJ,US,CA,96020,7.5,,,,
CA-96021-96022-TEHAMA-COUNTY-AJPD,US,CA,96021-96022,7.5,1,96021,96022,
CA-96023-SISKIYOU-COUNTY-AJHI,US,CA,96023,7.5,,,,
CA-96024-TRINITY-COUNTY-AJQF,US,CA,96024,7.5,,,,
CA-96025-DUNSMUIR-AJHO,US,CA,96025,8.0,,,,
CA-96027-SISKIYOU-COUNTY-AJHI,US,CA,96027,7.5,,,,
CA-96028-SHASTA-COUNTY-AJEK,US,CA,96028,7.5,,,,
CA-96029-TEHAMA-COUNTY-AJPD,US,CA,96029,7.5,,,,
CA-96031-96032-SISKIYOU-COUNTY-AJHI,US,CA,96031-96032,7.5,1,96031,96032,
CA-96033-SHASTA-COUNTY-AJEK,US,CA,96033,7.5,,,,
CA-96034-SISKIYOU-COUNTY-AJHI,US,CA,96034,7.5,,,,
CA-96035-TEHAMA-COUNTY-AJPD,US,CA,96035,7.5,,,,
CA-96037-96039-SISKIYOU-COUNTY-AJHI,US,CA,96037-96039,7.5,1,96037,96039,
CA-96040-SHASTA-COUNTY-AJEK,US,CA,96040,7.5,,,,
CA-96041-TRINITY-COUNTY-AJQF,US,CA,96041,7.5,,,,
CA-96044-SISKIYOU-COUNTY-AJHI,US,CA,96044,7.5,,,,
CA-96046-TRINITY-COUNTY-AJQF,US,CA,96046,7.5,,,,
CA-96047-SHASTA-COUNTY-AJEK,US,CA,96047,7.5,,,,
CA-96048-TRINITY-COUNTY-AJQF,US,CA,96048,7.5,,,,
CA-96049-SHASTA-COUNTY-AJEK,US,CA,96049,7.5,,,,
CA-96050-SISKIYOU-COUNTY-AJHI,US,CA,96050,7.5,,,,
CA-96051-SHASTA-COUNTY-AJEK,US,CA,96051,7.5,,,,
CA-96052-TRINITY-COUNTY-AJQF,US,CA,96052,7.5,,,,
CA-96054-MODOC-COUNTY-AHSS,US,CA,96054,7.5,,,,
CA-96055-TEHAMA-COUNTY-AJPD,US,CA,96055,7.5,,,,
CA-96056-LASSEN-COUNTY-AHAA,US,CA,96056,7.5,,,,
CA-96057-96058-SISKIYOU-COUNTY-AJHI,US,CA,96057-96058,7.5,1,96057,96058,
CA-96059-96061-TEHAMA-COUNTY-AJPD,US,CA,96059-96061,7.5,1,96059,96061,
CA-96062-SHASTA-COUNTY-AJEK,US,CA,96062,7.5,,,,
CA-96063-TEHAMA-COUNTY-AJPD,US,CA,96063,7.5,,,,
CA-96064-SISKIYOU-COUNTY-AJHI,US,CA,96064,7.5,,,,
CA-96065-SHASTA-COUNTY-AJEK,US,CA,96065,7.5,,,,
CA-96067-MOUNT-SHASTA-AJIO,US,CA,96067,7.75,,,,
CA-96068-LASSEN-COUNTY-AHAA,US,CA,96068,7.5,,,,
CA-96069-96073-SHASTA-COUNTY-AJEK,US,CA,96069-96073,7.5,1,96069,96073,
CA-96074-96075-TEHAMA-COUNTY-AJPD,US,CA,96074-96075,7.5,1,96074,96075,
CA-96076-TRINITY-COUNTY-AJQF,US,CA,96076,7.5,,,,
CA-96078-TEHAMA-COUNTY-AJPD,US,CA,96078,7.5,,,,
CA-96080-RED-BLUFF-AJPZ,US,CA,96080,7.75,,,,
CA-96084-SHASTA-COUNTY-AJEK,US,CA,96084,7.5,,,,
CA-96085-96086-SISKIYOU-COUNTY-AJHI,US,CA,96085-96086,7.5,1,96085,96086,
CA-96087-96089-SHASTA-COUNTY-AJEK,US,CA,96087-96089,7.5,1,96087,96089,
CA-96090-TEHAMA-COUNTY-AJPD,US,CA,96090,7.5,,,,
CA-96091-TRINITY-COUNTY-AJQF,US,CA,96091,7.5,,,,
CA-96092-TEHAMA-COUNTY-AJPD,US,CA,96092,7.5,,,,
CA-96093-TRINITY-COUNTY-AJQF,US,CA,96093,7.5,,,,
CA-96094-SISKIYOU-COUNTY-AJHI,US,CA,96094,7.5,,,,
CA-96095-96096-SHASTA-COUNTY-AJEK,US,CA,96095-96096,7.5,1,96095,96096,
CA-96097-SISKIYOU-COUNTY-AJHI,US,CA,96097,7.5,,,,
CA-96099-SHASTA-COUNTY-AJEK,US,CA,96099,7.5,,,,
CA-96101-MODOC-COUNTY-AHSS,US,CA,96101,7.5,,,,
CA-96103-PLUMAS-COUNTY-AIDJ,US,CA,96103,7.5,,,,
CA-96104-MODOC-COUNTY-AHSS,US,CA,96104,7.5,,,,
CA-96105-96106-PLUMAS-COUNTY-AIDJ,US,CA,96105-96106,7.5,1,96105,96106,
CA-96107-MONO-COUNTY-AHTO,US,CA,96107,7.5,,,,
CA-96108-MODOC-COUNTY-AHSS,US,CA,96108,7.5,,,,
CA-96109-LASSEN-COUNTY-AHAA,US,CA,96109,7.5,,,,
CA-96110-MODOC-COUNTY-AHSS,US,CA,96110,7.5,,,,
CA-96111-NEVADA-COUNTY-AHWU,US,CA,96111,7.625,,,,
CA-96112-MODOC-COUNTY-AHSS,US,CA,96112,7.5,,,,
CA-96113-96114-LASSEN-COUNTY-AHAA,US,CA,96113-96114,7.5,1,96113,96114,
CA-96115-96116-MODOC-COUNTY-AHSS,US,CA,96115-96116,7.5,1,96115,96116,
CA-96117-LASSEN-COUNTY-AHAA,US,CA,96117,7.5,,,,
CA-96118-SIERRA-COUNTY-AJGS,US,CA,96118,7.5,,,,
CA-96119-LASSEN-COUNTY-AHAA,US,CA,96119,7.5,,,,
CA-96120-ALPINE-COUNTY-AGBZ,US,CA,96120,7.5,,,,
CA-96121-LASSEN-COUNTY-AHAA,US,CA,96121,7.5,,,,
CA-96122-PLUMAS-COUNTY-AIDJ,US,CA,96122,7.5,,,,
CA-96123-LASSEN-COUNTY-AHAA,US,CA,96123,7.5,,,,
CA-96124-96126-SIERRA-COUNTY-AJGS,US,CA,96124-96126,7.5,1,96124,96126,
CA-96127-96128-LASSEN-COUNTY-AHAA,US,CA,96127-96128,7.5,1,96127,96128,
CA-96129-PLUMAS-COUNTY-AIDJ,US,CA,96129,7.5,,,,
CA-96130-96132-LASSEN-COUNTY-AHAA,US,CA,96130-96132,7.5,1,96130,96132,
CA-96133-MONO-COUNTY-AHTO,US,CA,96133,7.5,,,,
CA-96134-MODOC-COUNTY-AHSS,US,CA,96134,7.5,,,,
CA-96135-PLUMAS-COUNTY-AIDJ,US,CA,96135,7.5,,,,
CA-96136-LASSEN-COUNTY-AHAA,US,CA,96136,7.5,,,,
CA-96137-PLUMAS-COUNTY-AIDJ,US,CA,96137,7.5,,,,
CA-96140-96141-PLACER-COUNTY-AIBH,US,CA,96140-96141,7.5,1,96140,96141,
CA-96142-EL-DORADO-COUNTY-AGKB,US,CA,96142,7.5,,,,
CA-96143-96148-PLACER-COUNTY-AIBH,US,CA,96143-96148,7.5,1,96143,96148,
CA-96150-96154-SOUTH-LAKE-TAHOE-AGLT,US,CA,96150-96154,8.0,1,96150,96154,
CA-96155-96157-EL-DORADO-COUNTY-AGKB,US,CA,96155-96157,7.5,1,96155,96157,
CA-96158-SOUTH-LAKE-TAHOE-AGLT,US,CA,96158,8.0,,,,
